CarNumber,SURNAME
Y163O8161RUS,RICHARDSON
E432XX77RUS,ROSS
7184TT36RUS,MORGAN
X582HE161RUS,BAILEY
92918M178RUS,LOPEZ
H234YH197RUS,HOWARD
E40577152RUS,NELSON
707987163RUS,WRIGHT
K330T8197RUS,RIVERA
X786CO96RUS,REYES
C477M7161RUS,PARKER
O21997197RUS,KING
M592CH197RUS,NGUYEN
9020YC197RUS,LOPEZ
8182XX154RUS,SMITH
7830C8197RUS,MYERS
7066C8197RUS,DIAZ
M298CH161RUS,ROBINSON
E445TC197RUS,MORGAN
8440XX154RUS,JONES
9371CE154RUS,BAKER
9182CE154RUS,CRUZ
83298C154RUS,RAMOS
Y7659C197RUS,MARTINEZ
C922YE197RUS,MORGAN
7364C8197RUS,WRIGHT
M5039X197RUS,LOPEZ
8603T8154RUS,MITCHELL
92928M178RUS,BAKER
O672E8197RUS,RUIZ
E42277152RUS,HOWARD
C903MC161RUS,WALKER
T7318T163RUS,HERNANDEZ
Y7719C197RUS,CHAVEZ
T011MY163RUS,SANDERS
H115YO163RUS,COOK
73467Y96RUS,BENNETT
O134HE197RUS,SMITH
H968HY161RUS,TURNER
Y654E8750RUS,GRAY
H963HY161RUS,CAMPBELL
H232YH197RUS,RUIZ
7843C8197RUS,ADAMS
X791O796RUS,BAKER
H958HY161RUS,RAMIREZ
708587163RUS,MORRIS
Y973O8197RUS,YOUNG
97977H178RUS,BAILEY
H917TC36RUS,ROBINSON
Y7709C197RUS,GUTIERREZ
8513XX154RUS,GUTIERREZ
T870X7163RUS,ROBINSON
8818C877RUS,GARCIA
T395OT197RUS,HARRIS
K327T8197RUS,TURNER
8311XX154RUS,HARRIS
X423MK197RUS,PARKER
96429X178RUS,GARCIA
O275O7161RUS,ROSS
7789KT197RUS,MITCHELL
E28877161RUS,PETERSON
T6068M116RUS,REED
9498KX178RUS,HERNANDEZ
99209X178RUS,BROWN
T6449O50RUS,MURPHY
9683EC178RUS,MARTINEZ
Y353O8197RUS,WHITE
O719MM163RUS,FOSTER
E535MM199RUS,GARCIA
Y352O8197RUS,PATEL
7788KT197RUS,GARCIA
E807HE77RUS,WARD
M516CH161RUS,ROGERS
89587X197RUS,LONG
7781KT197RUS,JIMENEZ
E645TH36RUS,BAKER
Y302E877RUS,KIM
M058XE36RUS,CRUZ
8166XX154RUS,JIMENEZ
M589CH197RUS,WILSON
9408H7178RUS,BAILEY
H387TM197RUS,HILL
8049HT125RUS,MARTINEZ
9698MO178RUS,WILSON
8685HE154RUS,MORRIS
7177TT36RUS,COOPER
O77997197RUS,YOUNG
Y234E877RUS,ALLEN
97987H178RUS,MENDOZA
X257HE161RUS,ALLEN
T399KX197RUS,GONZALEZ
H957HY161RUS,HERNANDEZ
K379HY161RUS,HARRIS
T654HT96RUS,HALL
8439XX154RUS,PETERSON
Y965EE197RUS,TAYLOR
X758HY197RUS,RIVERA
M0279X197RUS,WATSON
H224X836RUS,TORRES
E6849O154RUS,SANCHEZ
O83797197RUS,PHILLIPS
9402KK197RUS,ALLEN
7368C8197RUS,PEREZ
H427YH197RUS,ROSS
9583EY178RUS,HERNANDEZ
Y038E877RUS,MARTIN
9822H8161RUS,HERNANDEZ
7826C8197RUS,CASTILLO
E160YX77RUS,CASTILLO
82337X197RUS,RODRIGUEZ
X757HY197RUS,MORALES
X765HY197RUS,HUGHES
934497178RUS,TAYLOR
K2807K154RUS,SANCHEZ
T8008Y125RUS,RICHARDSON
Y960EE197RUS,GREEN
7840C8197RUS,ANDERSON
K846YE77RUS,WHITE
7827C8197RUS,JAMES
Y655E8750RUS,LEWIS
H003MH197RUS,WARD
Y7699C197RUS,FOSTER
Y8399C197RUS,PEREZ
9135X938RUS,JONES
H385TM197RUS,ALLEN
9428EX178RUS,WARD
H837YK197RUS,RUIZ
O83597197RUS,NGUYEN
E42577152RUS,GARCIA
E53277152RUS,HOWARD
C476M7161RUS,CARTER
9943KK197RUS,RICHARDSON
8165XX154RUS,PRICE
T476KX197RUS,GRAY
C422X938RUS,COOPER
K328T8197RUS,HILL
9466EX178RUS,JONES
X256HE161RUS,ADAMS
Y275O8197RUS,MORGAN
H217X836RUS,GUTIERREZ
Y316E877RUS,ROGERS
8601XX154RUS,ALLEN
M741T9152RUS,ROGERS
9883HX152RUS,PEREZ
Y6829Y50RUS,HUGHES
H004MH197RUS,NGUYEN
704987163RUS,MITCHELL
E316EH197RUS,ADAMS
O22297197RUS,ANDERSON
O02597197RUS,BROOKS
X015HY197RUS,HARRIS
T769OT197RUS,THOMPSON
Y778EE197RUS,MITCHELL
7829C8197RUS,YOUNG
T272HH163RUS,WHITE
T018OX197RUS,CARTER
Y255E877RUS,WATSON
9697MO178RUS,FLORES
T686EO197RUS,KIM
C590EY154RUS,JIMENEZ
T941CC96RUS,WHITE
O22397197RUS,CHAVEZ
X242EC197RUS,HOWARD
T020OX197RUS,WRIGHT
E33577152RUS,SANDERS
E773EH197RUS,TURNER
T6428M116RUS,HALL
Y7129Y50RUS,LOPEZ
Y418EX197RUS,ROSS
Y7689C197RUS,TORRES
E52877152RUS,CRUZ
7369C8197RUS,COLLINS
Y166O8161RUS,ANDERSON
705287163RUS,GOMEZ
K559KC161RUS,KING
M0299X197RUS,CHAVEZ
84418C154RUS,PEREZ
E53488152RUS,RAMIREZ
90159H178RUS,MOORE
C798ET50RUS,RIVERA
Y193O8161RUS,MARTIN
7248C8197RUS,ANDERSON
K357YE77RUS,EVANS
E0697X152RUS,BAKER
E40877152RUS,CASTILLO
Y351O8197RUS,DAVIS
Y356O8197RUS,YOUNG
O6939X163RUS,WRIGHT
Y7649C197RUS,JIMENEZ
9935TE152RUS,CASTILLO
704687163RUS,ADAMS
7197TT36RUS,RAMIREZ
O143HO197RUS,KIM
K436MO152RUS,PEREZ
9938OH154RUS,TURNER
E34877152RUS,STEWART
E5878M777RUS,RUIZ
7844C8197RUS,CLARK
C584EY154RUS,ROSS
E28977161RUS,KELLY
T016OX197RUS,FLORES
H889YK197RUS,ALVAREZ
7363C8197RUS,ROSS
T6039O50RUS,ROBERTS
7365C8197RUS,GRAY
Y967O8197RUS,MARTIN
E816HE77RUS,SCOTT
T6329O50RUS,SANDERS
X504X8197RUS,THOMAS
M581CH197RUS,TURNER
X523OM161RUS,RUIZ
C412X938RUS,ROGERS
7831C8197RUS,BROOKS
8164XX154RUS,WOOD
T6419O50RUS,LEE
E822TH36RUS,CARTER
8437XX154RUS,HALL
C515X938RUS,EVANS
7172TT36RUS,PATEL
8436XX154RUS,COX
E79988152RUS,ALLEN
8180XX154RUS,RAMIREZ
84438C154RUS,MOORE
T6309O50RUS,TAYLOR
T6129O50RUS,EDWARDS
K339T8197RUS,RIVERA
X782CO96RUS,CASTILLO
E591HE77RUS,COOK
9499KX178RUS,RODRIGUEZ
Y357O8197RUS,YOUNG
Y652O8197RUS,SCOTT
X767HY197RUS,JIMENEZ
H220X836RUS,RICHARDSON
H218X836RUS,HARRIS
T913CT197RUS,CRUZ
T6439O50RUS,PHILLIPS
7784KT197RUS,PHILLIPS
X286TC36RUS,RICHARDSON
O752MX161RUS,ORTIZ
Y7449Y50RUS,GARCIA
92828M178RUS,MOORE
Y650E8750RUS,MORGAN
8321XX154RUS,LEWIS
8316XX154RUS,GOMEZ
T017OX197RUS,PETERSON
H977HY161RUS,ALLEN
X522OM161RUS,THOMPSON
O085E8197RUS,ROBERTS
705387163RUS,STEWART
O017KO197RUS,GUTIERREZ
X4138H125RUS,ROBERTS
8441XX154RUS,MOORE
M0269X197RUS,JAMES
T483CT96RUS,HERNANDEZ
T940CC96RUS,WRIGHT
C58078163RUS,ROBERTS
O02397197RUS,BAKER
8611T8154RUS,ALLEN
704787163RUS,MORGAN
C313MM99RUS,REED
X763HY197RUS,WRIGHT
M386M9197RUS,RODRIGUEZ
8605T8154RUS,DIAZ
7147OE161RUS,RODRIGUEZ
7361C8197RUS,WARD
Y359EY197RUS,ANDERSON
T6559O50RUS,MORGAN
9469EX178RUS,JOHNSON
Y6839Y50RUS,PATEL
H237YH197RUS,ROSS
T948OM96RUS,JACKSON
T395KX197RUS,MOORE
M301CH161RUS,NELSON
9496KX178RUS,ANDERSON
T6319O50RUS,GRAY
H305T8197RUS,RICHARDSON
8201XX154RUS,LONG
O64297197RUS,COX
9523M8178RUS,KING
Y273O8197RUS,RAMOS
T6229O50RUS,ALLEN
X023HY197RUS,MARTIN
8226XX154RUS,GUTIERREZ
Y038TO197RUS,JAMES
M0289X197RUS,SCOTT
E811HE77RUS,LEWIS
X795O796RUS,TAYLOR
O39997197RUS,WOOD
97968K152RUS,MARTIN
H219X836RUS,EVANS
T6169O50RUS,ROBINSON
94178K154RUS,THOMAS
9467EX178RUS,MITCHELL
O78097197RUS,REED
X5707X161RUS,KING
Y232E877RUS,CRUZ
Y388E877RUS,NELSON
X255HE161RUS,MORRIS
E552MO152RUS,GREEN
97998K152RUS,WILLIAMS
Y963O8197RUS,GOMEZ
T477KX197RUS,EDWARDS
T2639T116RUS,MURPHY
O49797197RUS,FLORES
O68897197RUS,MITCHELL
72457Y96RUS,HILL
7064C8197RUS,DAVIS
E948C8152RUS,ROBINSON
C514X938RUS,RAMIREZ
C589EY154RUS,THOMAS
K899T8197RUS,BAKER
T6418M116RUS,RUIZ
8607XX154RUS,HERNANDEZ
92778M178RUS,HARRIS
T288CT96RUS,WALKER
9886HX152RUS,COOK
C583EY154RUS,MARTIN
C592EY154RUS,WRIGHT
T6459O50RUS,MOORE
X759HY197RUS,GONZALEZ
705787163RUS,HOWARD
92898M178RUS,WATSON
9671EC178RUS,HOWARD
M302CH161RUS,BAILEY
M578CH197RUS,CARTER
Y207O8161RUS,FOSTER
96659X178RUS,FOSTER
T912CT197RUS,PARKER
7183TT36RUS,MORGAN
89557X197RUS,RODRIGUEZ
Y359O8197RUS,ALVAREZ
K2817K154RUS,BENNETT
Y964O8197RUS,MITCHELL
H967HY161RUS,THOMPSON
E394MO152RUS,PARKER
O50699163RUS,SANCHEZ
9463EX178RUS,TURNER
E53677152RUS,WARD
K338T8197RUS,KING
Y4298M777RUS,PRICE
Y687HM197RUS,EVANS
98037H178RUS,BROOKS
7828C8197RUS,KELLY
H980HY161RUS,HALL
H906YK197RUS,WHITE
7199MT197RUS,COLLINS
X908XC197RUS,LOPEZ
T171CC96RUS,LEE
X4108H125RUS,BROOKS
Y966O8197RUS,WHITE
K2797K154RUS,THOMPSON
7089H8163RUS,WATSON
7841C8197RUS,TORRES
9940KK197RUS,RUIZ
H971HY161RUS,CRUZ
H844YH197RUS,CHAVEZ
E33477152RUS,FOSTER
Y156E877RUS,GOMEZ
E396MO152RUS,PHILLIPS
Y969O8197RUS,LOPEZ
9028CO161RUS,GREEN
T6249O50RUS,RICHARDSON
E42377152RUS,CARTER
9941KK197RUS,ALLEN
M372CH197RUS,COX
K040CC197RUS,MYERS
E41577152RUS,WARD
9763HY161RUS,TORRES
T535ET96RUS,JAMES
H961HY161RUS,GREEN
M2169X197RUS,HARRIS
8234XX154RUS,ORTIZ
O83697197RUS,BROOKS
E52677152RUS,MARTIN
8451M7154RUS,ADAMS
9589EY178RUS,TORRES
H907YK197RUS,NELSON
O39897197RUS,TAYLOR
M3879X197RUS,REYES
C299K9154RUS,HUGHES
9468EX178RUS,RIVERA
M375CH197RUS,ROBINSON
H982HY161RUS,HALL
8224XX154RUS,GREEN
Y653E8750RUS,GOMEZ
K558KC161RUS,CASTILLO
O058M7161RUS,GREEN
M256OH161RUS,RAMIREZ
T242H8197RUS,MYERS
K27188138RUS,BENNETT
96629X178RUS,PARKER
9881HX152RUS,YOUNG
T479KX197RUS,FLORES
M680T9152RUS,LONG
C410X938RUS,MARTINEZ
X762HY197RUS,JIMENEZ
9470EX178RUS,COOK
X4128H125RUS,CARTER
9762HY161RUS,SMITH
H419XE197RUS,REYES
98017H178RUS,WATSON
Y780EE197RUS,CRUZ
M580CH197RUS,BAKER
9943OH154RUS,MORALES
Y354O8197RUS,SANDERS
7065C8197RUS,BROWN
E28777161RUS,ROGERS
M701T9152RUS,SCOTT
E577HE77RUS,ADAMS
92788M178RUS,YOUNG
9072EM178RUS,BROOKS
9409H7178RUS,GOMEZ
C3829X154RUS,TURNER
T478KX197RUS,KING
T119CT96RUS,RUIZ
708487163RUS,HARRIS
H983HY161RUS,STEWART
7842C8197RUS,PATEL
O64097197RUS,HERNANDEZ
Y693HM197RUS,SMITH
96857X197RUS,SMITH
T394KX197RUS,ALVAREZ
O49897197RUS,ROGERS
H963X936RUS,ROSS
T341CC96RUS,PEREZ
9942KK197RUS,EVANS
9141H8178RUS,ANDERSON
7370C8197RUS,LONG
9890HX152RUS,ADAMS
M268CH197RUS,WILSON
C419X938RUS,THOMAS
M0319X197RUS,FOSTER
M577CH197RUS,PRICE
H975HY161RUS,RAMIREZ
X018HY197RUS,GUTIERREZ
E33177152RUS,STEWART
9491H7178RUS,MENDOZA
M374CH197RUS,RAMIREZ
96679X178RUS,PATEL
9594HY161RUS,BENNETT
83218C154RUS,LONG
9764HY161RUS,ORTIZ
708187163RUS,CLARK
H908YK197RUS,GOMEZ
Y656E8750RUS,ROGERS
9679EC178RUS,CAMPBELL
C803KE163RUS,SMITH
Y7379Y50RUS,LONG
X320MK197RUS,ALVAREZ
96907X197RUS,COOK
H235YH197RUS,MENDOZA
9474EX178RUS,KIM
Y8259C197RUS,SANCHEZ
E29577161RUS,JONES
X761HY197RUS,LEE
T396KX197RUS,RIVERA
C593EY154RUS,COOK
Y164O8161RUS,RICHARDSON
M942OT152RUS,ALVAREZ
Y7429Y50RUS,HUGHES
H976HY161RUS,JOHNSON
Y195O8161RUS,ANDERSON
O669E8197RUS,FOSTER
Y187O8161RUS,COOK
K329T8197RUS,FOSTER
9677MO178RUS,WALKER
9939KK197RUS,LOPEZ
M373CH197RUS,STEWART
7164YM36RUS,EDWARDS
O753MX161RUS,MURPHY
T6488M116RUS,MARTINEZ
98047H178RUS,CAMPBELL
9488EY178RUS,BAKER
O481OH77RUS,EVANS
K326T8197RUS,GREEN
X796TH96RUS,WATSON
Y358O8197RUS,ROBINSON
C420X938RUS,CARTER
Y965O8197RUS,PETERSON
Y274O8197RUS,BAILEY
E223YM197RUS,WRIGHT
Y964EE197RUS,GARCIA
T6049O50RUS,BENNETT
H259HY161RUS,NELSON
Y344E877RUS,YOUNG
K889HY161RUS,JOHNSON
H214X836RUS,GUTIERREZ
O421OT161RUS,CLARK
7360C8197RUS,LOPEZ
Y194O8161RUS,ROBERTS
T6359O50RUS,LONG
E29677161RUS,LEWIS
T020MM116RUS,MYERS
9502XX38RUS,THOMAS
8521XX154RUS,REED
K376HE161RUS,WATSON
7193TT36RUS,RAMOS
O785T9163RUS,MURPHY
H618YC38RUS,GARCIA
9068EM178RUS,THOMPSON
7783KT197RUS,SANDERS
Y305E877RUS,BROOKS
E881OT197RUS,HALL
O718MM163RUS,GREEN
9975CC77RUS,RAMIREZ
T195OK161RUS,LEWIS
T914CT197RUS,HERNANDEZ
E41977152RUS,BAKER
9464EX178RUS,MARTIN
O50197197RUS,WRIGHT
7608EE777RUS,HILL
A9999999989,IVAN
B8888888888,OLEG
C7777777777,STEPAN
